<?xml version="1.0" encoding="UTF-8"?>
<project-private xmlns="http://www.netbeans.org/ns/project-private/1">
    <editor-bookmarks xmlns="http://www.netbeans.org/ns/editor-bookmarks/2" lastBookmarkId="0"/>
    <open-files xmlns="http://www.netbeans.org/ns/projectui-open-files/2">
        <group>
            <file>file:/U:/Projetos/Hotel/Hotel/Hotel/Hotel/src/model/DAO/ConnectionFactory.java</file>
            <file>file:/U:/Projetos/Hotel/Hotel/Hotel/Hotel/src/utilities/Utilities.java</file>
            <file>file:/U:/Projetos/Hotel/Hotel/Hotel/Hotel/src/model/Marca.java</file>
            <file>file:/U:/Projetos/Hotel/Hotel/Hotel/Hotel/src/model/DAO/InterfaceDAO.java</file>
            <file>file:/U:/Projetos/Hotel/Hotel/Hotel/Hotel/src/model/DAO/HospedeDAO.java</file>
            <file>file:/U:/Projetos/Hotel/Hotel/Hotel/Hotel/src/model/Hospede.java</file>
        </group>
    </open-files>
</project-private>
