<?xml version="1.0" encoding="UTF-8"?>
<project-private xmlns="http://www.netbeans.org/ns/project-private/1">
    <editor-bookmarks xmlns="http://www.netbeans.org/ns/editor-bookmarks/2" lastBookmarkId="0"/>
    <open-files xmlns="http://www.netbeans.org/ns/projectui-open-files/2">
        <group>
            <file>file:/D:/Projetos%20NetBeans/Hotel/Hotel/src/model/DAO/HospedeDAO.java</file>
            <file>file:/D:/Projetos%20NetBeans/Hotel/Hotel/src/model/DAO/FuncionarioDAO.java</file>
            <file>file:/D:/Projetos%20NetBeans/Hotel/Hotel/src/view/TelaCadastroFornecedor.java</file>
            <file>file:/D:/Projetos%20NetBeans/Hotel/Hotel/src/view/TelaCadastroHospede.java</file>
            <file>file:/D:/Projetos%20NetBeans/Hotel/Hotel/src/view/TelaCadastroFuncionario.java</file>
            <file>file:/D:/Projetos%20NetBeans/Hotel/Hotel/src/view/TelaCadastroMarca.java</file>
            <file>file:/D:/Projetos%20NetBeans/Hotel/Hotel/src/view/TelaCadastroModelo.java</file>
            <file>file:/D:/Projetos%20NetBeans/Hotel/Hotel/src/view/TelaCadastroVeiculo.java</file>
            <file>file:/D:/Projetos%20NetBeans/Hotel/Hotel/src/controller/ControllerBuscaFornecedor.java</file>
            <file>file:/D:/Projetos%20NetBeans/Hotel/Hotel/src/controller/ControllerBuscaFuncionario.java</file>
            <file>file:/D:/Projetos%20NetBeans/Hotel/Hotel/src/view/TelaBuscaVeiculo.java</file>
            <file>file:/D:/Projetos%20NetBeans/Hotel/Hotel/src/view/TelaBuscaFuncionario.java</file>
            <file>file:/D:/Projetos%20NetBeans/Hotel/Hotel/src/view/TelaCadastroProdutoCopa.java</file>
            <file>file:/D:/Projetos%20NetBeans/Hotel/Hotel/src/view/TelaCadastroQuarto.java</file>
            <file>file:/D:/Projetos%20NetBeans/Hotel/Hotel/src/view/TelaCadastroServico.java</file>
            <file>file:/D:/Projetos%20NetBeans/Hotel/Hotel/src/view/TelaCadastroVagaEstacionamento.java</file>
            <file>file:/D:/Projetos%20NetBeans/Hotel/Hotel/src/model/DAO/FornecedorDAO.java</file>
            <file>file:/D:/Projetos%20NetBeans/Hotel/Hotel/src/model/DAO/InterfaceDAO.java</file>
            <file>file:/D:/Projetos%20NetBeans/Hotel/Hotel/src/model/DAO/MarcaDAO.java</file>
            <file>file:/D:/Projetos%20NetBeans/Hotel/Hotel/src/model/Marca.java</file>
        </group>
    </open-files>
</project-private>
