<?xml version="1.0" encoding="UTF-8"?>
<project-private xmlns="http://www.netbeans.org/ns/project-private/1">
    <editor-bookmarks xmlns="http://www.netbeans.org/ns/editor-bookmarks/2" lastBookmarkId="0"/>
    <open-files xmlns="http://www.netbeans.org/ns/projectui-open-files/2">
        <group>
            <file>file:/U:/Projetos/Hotel/Hotel/Hotel/src/view/TelaCadastroVeiculo.java</file>
            <file>file:/U:/Projetos/Hotel/Hotel/Hotel/src/model/DAO/ReservaDAO.java</file>
            <file>file:/U:/Projetos/Hotel/Hotel/Hotel/src/view/TelaCadastroMarca.java</file>
            <file>file:/U:/Projetos/Hotel/Hotel/Hotel/src/view/TelaCadastroProdutoCopa.java</file>
            <file>file:/U:/Projetos/Hotel/Hotel/Hotel/src/model/CopaQuarto.java</file>
            <file>file:/U:/Projetos/Hotel/Hotel/Hotel/src/controller/controller/controller/ControllerBuscasVagaEstacionamento.java</file>
            <file>file:/U:/Projetos/Hotel/Hotel/Hotel/src/model/DAO/ProdutoCopaDAO.java</file>
            <file>file:/U:/Projetos/Hotel/Hotel/Hotel/src/model/DAO/ReservaQuartoDAO.java</file>
            <file>file:/U:/Projetos/Hotel/Hotel/Hotel/src/view/TelaCadastroFuncionario.java</file>
            <file>file:/U:/Projetos/Hotel/Hotel/Hotel/src/view/TelaCadastroVagaEstacionamento.java</file>
            <file>file:/U:/Projetos/Hotel/Hotel/Hotel/src/controller/ControllerBuscaHospede.java</file>
            <file>file:/U:/Projetos/Hotel/Hotel/Hotel/src/controller/ControllerBuscaFornecedor.java</file>
            <file>file:/U:/Projetos/Hotel/Hotel/Hotel/src/model/DAO/OrdemServicoDAO.java</file>
            <file>file:/U:/Projetos/Hotel/Hotel/Hotel/src/model/DAO/MovimentoCaixaDAO.java</file>
            <file>file:/U:/Projetos/Hotel/Hotel/Hotel/src/controller/ControllerBuscaQuarto.java</file>
            <file>file:/U:/Projetos/Hotel/Hotel/Hotel/src/view/TelaCadastroQuarto.java</file>
            <file>file:/U:/Projetos/Hotel/Hotel/Hotel/src/controller/ControllerBuscaVagaEstacionamento.java</file>
            <file>file:/U:/Projetos/Hotel/Hotel/Hotel/src/view/TelaCadastroFornecedor.java</file>
            <file>file:/U:/Projetos/Hotel/Hotel/Hotel/src/controller/ControllerCadHospede.java</file>
            <file>file:/U:/Projetos/Hotel/Hotel/Hotel/src/model/DAO/VeiculoDAO.java</file>
            <file>file:/U:/Projetos/Hotel/Hotel/Hotel/src/view/TelaCadastroModelo.java</file>
            <file>file:/U:/Projetos/Hotel/Hotel/Hotel/src/controller/controller/controller/ControllerBuscasVeiculo.java</file>
            <file>file:/U:/Projetos/Hotel/Hotel/Hotel/src/service/HospedeService.java</file>
            <file>file:/U:/Projetos/Hotel/Hotel/Hotel/src/model/DAO/QuartoDAO.java</file>
            <file>file:/U:/Projetos/Hotel/Hotel/Hotel/src/controller/controller/controller/ControllerBuscasFornecedor.java</file>
            <file>file:/U:/Projetos/Hotel/Hotel/Hotel/src/model/DAO/ServicoDAO.java</file>
            <file>file:/U:/Projetos/Hotel/Hotel/Hotel/src/view/TelaCadastroServico.java</file>
            <file>file:/U:/Projetos/Hotel/Hotel/Hotel/src/controller/ControllerCadVeiculo.java</file>
            <file>file:/U:/Projetos/Hotel/Hotel/Hotel/src/model/DAO/ReceberDAO.java</file>
            <file>file:/U:/Projetos/Hotel/Hotel/Hotel/src/view/TelaCadastroHospede.java</file>
            <file>file:/U:/Projetos/Hotel/Hotel/Hotel/src/model/Servico.java</file>
            <file>file:/U:/Projetos/Hotel/Hotel/Hotel/src/model/Veiculo.java</file>
            <file>file:/U:/Projetos/Hotel/Hotel/Hotel/src/model/OrdemServico.java</file>
            <file>file:/U:/Projetos/Hotel/Hotel/Hotel/src/model/Quarto.java</file>
            <file>file:/U:/Projetos/Hotel/Hotel/Hotel/src/controller/ControllerCadModelo.java</file>
            <file>file:/U:/Projetos/Hotel/Hotel/Hotel/src/model/DAO/VagaEstacionamentoDAO.java</file>
        </group>
    </open-files>
</project-private>
