<?xml version="1.0" encoding="UTF-8"?>
<project-private xmlns="http://www.netbeans.org/ns/project-private/1">
    <editor-bookmarks xmlns="http://www.netbeans.org/ns/editor-bookmarks/2" lastBookmarkId="0"/>
    <open-files xmlns="http://www.netbeans.org/ns/projectui-open-files/2">
        <group>
            <file>file:/D:/Projetos%20NetBeans/Hotel/Hotel/Hotel/src/model/DAO/AlocacaoVagaDAO.java</file>
            <file>file:/D:/Projetos%20NetBeans/Hotel/Hotel/Hotel/src/model/DAO/CopaQuartoDAO.java</file>
            <file>file:/D:/Projetos%20NetBeans/Hotel/Hotel/Hotel/src/model/DAO/CheckHospedeDAO.java</file>
            <file>file:/D:/Projetos%20NetBeans/Hotel/Hotel/Hotel/src/model/DAO/CheckDAO.java</file>
            <file>file:/D:/Projetos%20NetBeans/Hotel/Hotel/Hotel/src/model/DAO/CheckQuartoDAO.java</file>
            <file>file:/D:/Projetos%20NetBeans/Hotel/Hotel/Hotel/src/model/DAO/MarcaDAO.java</file>
            <file>file:/D:/Projetos%20NetBeans/Hotel/Hotel/Hotel/src/model/DAO/OrdemServicoDAO.java</file>
            <file>file:/D:/Projetos%20NetBeans/Hotel/Hotel/Hotel/src/model/DAO/HospedeDAO.java</file>
        </group>
    </open-files>
</project-private>
